cid,comments,commit_rate,created,description,display,display_url,distance,distance_unit,id,install_date,last_updated,owner,provider_account,termination_date,url
1002840283,,,2026-03-01T05:03:00.977739Z,,1002840283,http://192.168.65.40:8000/circuits/circuits/1/,,,1,,2026-03-01T05:38:52.473885Z,,,,http://192.168.65.40:8000/api/circuits/circuits/1/
1002840457,,,2026-03-01T05:03:01.059461Z,,1002840457,http://192.168.65.40:8000/circuits/circuits/2/,,,2,,2026-03-01T05:38:52.658058Z,,,,http://192.168.65.40:8000/api/circuits/circuits/2/
1002841093,,,2026-03-01T05:03:01.118597Z,,1002841093,http://192.168.65.40:8000/circuits/circuits/3/,,,3,,2026-03-01T05:38:52.882786Z,,,,http://192.168.65.40:8000/api/circuits/circuits/3/
1002842917,,,2026-03-01T05:03:01.174192Z,,1002842917,http://192.168.65.40:8000/circuits/circuits/4/,,,4,,2026-03-01T05:38:53.088849Z,,,,http://192.168.65.40:8000/api/circuits/circuits/4/
1002843016,,,2026-03-01T05:03:01.230697Z,,1002843016,http://192.168.65.40:8000/circuits/circuits/5/,,,5,,2026-03-01T05:38:53.398648Z,,,,http://192.168.65.40:8000/api/circuits/circuits/5/
1002843350,,,2026-03-01T05:03:01.285043Z,,1002843350,http://192.168.65.40:8000/circuits/circuits/6/,,,6,,2026-03-01T05:38:53.584589Z,,,,http://192.168.65.40:8000/api/circuits/circuits/6/
1002843428,,,2026-03-01T05:03:01.341184Z,,1002843428,http://192.168.65.40:8000/circuits/circuits/7/,,,7,,2026-03-01T05:38:53.773860Z,,,,http://192.168.65.40:8000/api/circuits/circuits/7/
1002843688,,,2026-03-01T05:03:01.397806Z,,1002843688,http://192.168.65.40:8000/circuits/circuits/8/,,,8,,2026-03-01T05:38:54.030907Z,,,,http://192.168.65.40:8000/api/circuits/circuits/8/
1002844901,,,2026-03-01T05:03:01.461702Z,,1002844901,http://192.168.65.40:8000/circuits/circuits/9/,,,9,,2026-03-01T05:38:55.261487Z,,,,http://192.168.65.40:8000/api/circuits/circuits/9/
1002844927,,,2026-03-01T05:03:01.523597Z,,1002844927,http://192.168.65.40:8000/circuits/circuits/10/,,,10,,2026-03-01T05:38:56.486336Z,,,,http://192.168.65.40:8000/api/circuits/circuits/10/
1002844978,,,2026-03-01T05:03:01.578794Z,,1002844978,http://192.168.65.40:8000/circuits/circuits/11/,,,11,,2026-03-01T05:38:56.793789Z,,,,http://192.168.65.40:8000/api/circuits/circuits/11/
1002845894,,,2026-03-01T05:03:01.635642Z,,1002845894,http://192.168.65.40:8000/circuits/circuits/12/,,,12,,2026-03-01T05:38:57.083160Z,,,,http://192.168.65.40:8000/api/circuits/circuits/12/
1002847289,,,2026-03-01T05:03:01.693351Z,,1002847289,http://192.168.65.40:8000/circuits/circuits/13/,,,13,,2026-03-01T05:38:57.426359Z,,,,http://192.168.65.40:8000/api/circuits/circuits/13/
DEOW4921,,,2026-03-01T05:03:01.750794Z,,DEOW4921,http://192.168.65.40:8000/circuits/circuits/14/,,,14,,2026-03-01T05:38:46.969128Z,,,,http://192.168.65.40:8000/api/circuits/circuits/14/
DJDP9577,,,2026-03-01T05:03:01.805282Z,,DJDP9577,http://192.168.65.40:8000/circuits/circuits/15/,,,15,,2026-03-01T05:38:47.252690Z,,,,http://192.168.65.40:8000/api/circuits/circuits/15/
DOQHD947,,,2026-03-01T05:03:01.870028Z,,DOQHD947,http://192.168.65.40:8000/circuits/circuits/16/,,,16,,2026-03-01T05:38:47.454587Z,,,,http://192.168.65.40:8000/api/circuits/circuits/16/
JHEW3951,,,2026-03-01T05:03:01.925632Z,,JHEW3951,http://192.168.65.40:8000/circuits/circuits/17/,,,17,,2026-03-01T05:38:47.767661Z,,,,http://192.168.65.40:8000/api/circuits/circuits/17/
KAGO3917,,,2026-03-01T05:03:01.979995Z,,KAGO3917,http://192.168.65.40:8000/circuits/circuits/18/,,,18,,2026-03-01T05:38:47.968773Z,,,,http://192.168.65.40:8000/api/circuits/circuits/18/
KDPO0597,,,2026-03-01T05:03:02.050871Z,,KDPO0597,http://192.168.65.40:8000/circuits/circuits/19/,,,19,,2026-03-01T05:38:48.708119Z,,,,http://192.168.65.40:8000/api/circuits/circuits/19/
KKDG4923,,,2026-03-01T05:03:02.120622Z,,KKDG4923,http://192.168.65.40:8000/circuits/circuits/20/,,,20,,2026-03-01T05:38:49.516138Z,,,,http://192.168.65.40:8000/api/circuits/circuits/20/
KLQU4018,,,2026-03-01T05:03:02.179508Z,,KLQU4018,http://192.168.65.40:8000/circuits/circuits/21/,,,21,,2026-03-01T05:38:49.829572Z,,,,http://192.168.65.40:8000/api/circuits/circuits/21/
KSIR0381,,,2026-03-01T05:03:02.240629Z,,KSIR0381,http://192.168.65.40:8000/circuits/circuits/22/,,,22,,2026-03-01T05:38:50.228196Z,,,,http://192.168.65.40:8000/api/circuits/circuits/22/
LQRT4981,,,2026-03-01T05:03:02.295777Z,,LQRT4981,http://192.168.65.40:8000/circuits/circuits/23/,,,23,,2026-03-01T05:38:51.434944Z,,,,http://192.168.65.40:8000/api/circuits/circuits/23/
PPJQ5091,,,2026-03-01T05:03:02.358452Z,,PPJQ5091,http://192.168.65.40:8000/circuits/circuits/24/,,,24,,2026-03-01T05:38:51.641717Z,,,,http://192.168.65.40:8000/api/circuits/circuits/24/
QMKD2436,,,2026-03-01T05:03:02.417316Z,,QMKD2436,http://192.168.65.40:8000/circuits/circuits/25/,,,25,,2026-03-01T05:38:51.965487Z,,,,http://192.168.65.40:8000/api/circuits/circuits/25/
QPMA5027,,,2026-03-01T05:03:02.475073Z,,QPMA5027,http://192.168.65.40:8000/circuits/circuits/26/,,,26,,2026-03-01T05:38:52.274153Z,,,,http://192.168.65.40:8000/api/circuits/circuits/26/
319031,,,2026-03-01T05:03:02.531509Z,,319031,http://192.168.65.40:8000/circuits/circuits/27/,,,27,,2026-03-01T05:03:07.716420Z,,,,http://192.168.65.40:8000/api/circuits/circuits/27/
350927,,,2026-03-01T05:03:02.593967Z,,350927,http://192.168.65.40:8000/circuits/circuits/28/,,,28,,2026-03-01T05:03:07.856809Z,,,,http://192.168.65.40:8000/api/circuits/circuits/28/
398282,,,2026-03-01T05:03:02.649966Z,,398282,http://192.168.65.40:8000/circuits/circuits/29/,,,29,,2026-03-01T05:03:07.997873Z,,,,http://192.168.65.40:8000/api/circuits/circuits/29/
